driverId,name,ssn,location,certified,wage-plan
10,Douglas Osborne,642-16-5105,"034 Joseph Valleys Suite 644
Lake Nicole, WA 49913",N,hours
11,Scott Todd,217-98-6624,"225 Robinson Mountains Suite 619
Randolphside, MD 55327",N,hours
12,Michael May,397-94-1934,"3732 Danielle Terrace
Jonathanstad, ND 78406",Y,miles
13,Michael Hayes,260-96-1750,"92149 Reynolds Garden
West Hailey, GA 13014",Y,hours
14,Veronica Castillo,068-98-3623,"32791 Charles Glen
Tracychester, NY 66251",Y,miles
15,Edward Riley,640-56-5695,"33326 Johnson Ports
Potterburgh, UT 02579",N,miles
16,Amber Aguilar,542-48-6702,"7817 Veronica Ville Apt. 041
Port Samuel, NV 52834",Y,miles
17,Daniel Woodward,299-12-1646,"7194 Weaver Island
Chrisville, VT 23072",Y,miles
18,Brianna Carter,340-34-6818,"Unit 3154 Box 8359
DPO AE 23428",N,miles
19,Leslie Adams,835-82-6535,"72760 Aaron Camp Apt. 276
South Codyton, NE 89421",N,hours
20,Rebecca Herrera,692-71-5914,"584 George Mall Suite 437
Floydview, VT 78593",Y,hours
21,Ashlee Mcfarland,115-93-9780,"762 Wells Plaza Apt. 387
South Keith, PA 08971",Y,hours
22,Daniel Carter,566-27-9311,"USS Petersen
FPO AP 79793",N,hours
23,Sara Watson,284-78-8856,"764 Sarah Views Apt. 192
Port Ruben, OR 07632",N,miles
24,Christopher Morrison,816-61-9691,"990 Stephenson Stream
South Emily, WV 64047",Y,miles
25,Diane Williams DVM,101-03-7282,"104 Sara Terrace Apt. 340
Michaelburgh, OK 05783",Y,miles
26,Donna Chen,082-39-8720,"USCGC Vega
FPO AP 05003",Y,miles
27,John Greer,635-81-7557,"136 Anthony Field
Lake Michael, DC 82851",Y,hours
28,Amber Mendoza,154-60-4179,"6862 Pittman Light
Simsville, VT 53795",Y,hours
29,Ronald Christian,369-01-3053,"858 Fisher Canyon Suite 696
Lake Joseph, KY 41116",N,miles
30,Mark French,564-67-1011,"520 Campbell Cliff
Richardton, ND 24190",N,miles
31,Kevin Nguyen,030-97-3659,"09577 Norman Parkway
Rebeccaport, NE 37469",N,miles
32,Kevin Scott,065-29-0700,"3533 Peterson Island
Lake Ericland, NC 00914",Y,miles
33,Kristen Knox MD,076-14-8820,"1264 Parks Port
Kevinville, NE 57970",Y,miles
34,Jacqueline Young,108-14-2921,"8239 Ronald Overpass
Port Bonniestad, SD 39850",N,miles
35,Elizabeth Smith,772-67-0338,"5094 Patricia Knoll
Elizabethmouth, TX 44150",Y,miles
36,Harold Wilcox,166-84-1930,"1388 James Cape Suite 421
Sandovalchester, PR 43031",N,miles
37,Angelica Dean,697-14-0568,"693 Sean Street
Santanaport, DC 54255",Y,hours
38,April Jackson,715-69-2402,"091 Michael Ville
Billyside, AL 45693",Y,hours
39,Angela Hunter,373-43-9872,"06933 Dawn Garden Apt. 839
West Jodi, PR 26827",N,hours
40,Brooke Willis,387-48-0562,"970 David Cove
North Kathryn, AK 66686",N,miles
41,Angela Farmer,147-80-4732,"4936 Curry Keys
Cherylland, CT 55005",Y,miles
42,Destiny Summers,185-57-3856,"585 Donna Lodge
East Crystal, NH 11736",Y,miles
43,Wayne Fox,316-54-6179,"606 Schneider Place Apt. 336
South Brian, AR 42111",Y,hours
44,Traci Green,002-33-2430,"03215 John Harbors
Ramseyview, PA 09024",N,hours
45,Jennifer Alvarez,506-34-4026,"99123 Case Hollow Suite 396
East Nicholasborough, IL 61883",N,miles
46,Elizabeth Robinson,510-55-5531,"3208 Chavez Brook Apt. 479
Munozbury, CT 85239",N,hours
47,Julie Saunders,189-55-4815,"04962 Cole Radial Apt. 314
Schmidtfurt, AK 25948",Y,hours
48,Brian Ellis,133-94-8798,"PSC 2576, Box 3733
APO AE 02959",N,hours
49,Anna Woodward,898-88-1724,"46491 Yang Estates
East Tristan, WI 33927",Y,miles
50,Dawn Levine,429-96-1828,"67370 Christine Lodge
North Emily, AK 66363",N,miles
51,Joshua Gibson,444-01-7380,"5098 Michelle Points
Garrettfurt, KY 75679",N,hours
52,Kimberly Hart,677-85-7034,"85608 Moore Road Apt. 797
Port Brandy, CO 45468",N,hours
53,Wendy Holt,098-88-2920,"9485 Kaiser Tunnel
Lake Teresashire, VI 40076",Y,miles
54,Teresa Brown,187-40-1621,"68372 Rivera Courts
Penafurt, MS 31468",N,miles
55,David Jackson,175-07-5555,"7200 Erica Meadow Apt. 276
South Tinamouth, PA 03095",N,miles
56,Shawna Rodriguez,060-47-3251,"437 Katie Pine
West Monica, MH 68131",Y,hours
57,Debbie Davis,367-29-6721,"USCGC Watson
FPO AE 67241",N,miles
58,Debbie Gutierrez PhD,350-18-7825,"63014 Rodgers Roads Apt. 576
Mooneychester, WA 43903",N,hours
59,Jennifer Robertson,176-37-6806,"55315 West Place Suite 085
Lake Markstad, WA 86565",Y,miles
60,Brian Miller,370-12-2801,"96451 Brittany Harbor
Robertstad, NJ 21072",N,hours
61,Monica Thomas,046-58-1074,"255 Whitney Stream
Mendozachester, FL 83664",Y,miles
62,Adriana Nelson,880-16-4432,"750 Jonathan Corners Suite 537
Davidberg, MD 52664",Y,hours
63,Mario Garcia,592-93-0887,"114 Adams Stravenue
Mcgrathmouth, GA 60497",N,miles
64,Tammy Compton,871-30-7501,"7141 Brittany Cove Apt. 252
Summerville, SC 55320",Y,miles
65,Ronnie Tran,228-43-0892,"PSC 2745, Box 6638
APO AP 94481",Y,miles
66,Nathaniel Glenn,746-55-1715,"74457 Roth Place Suite 582
Port Catherine, HI 32423",Y,hours
67,James Whitaker,704-12-5789,"87888 Mclaughlin Key Suite 367
Nashland, WV 60189",Y,miles
68,Barbara Davis,448-37-0573,"08453 Mike Inlet Apt. 447
Douglasburgh, AZ 07514",Y,miles
69,Lacey Glenn,835-05-2449,"566 Campbell Lane
Stephanieshire, ND 10210",Y,hours
70,Candice Lang,548-79-5776,"PSC 6622, Box 6091
APO AE 70650",N,hours
71,Robert Schmidt,028-07-9432,"387 Ryan Court
Port Ryan, IA 81134",Y,miles
72,Felicia Welch,431-10-1161,"43153 Camacho Mountain
New Jeffrey, LA 85635",N,miles
73,Chad Wells,226-08-7709,"Unit 6409 Box 6120
DPO AE 65126",N,hours
74,Maria Martinez,484-14-9063,"322 Kathleen Hills
Stephanieburgh, AL 65863",Y,miles
75,Laura Hill,636-90-5676,"3922 Johnson Mews
Robertville, WI 59426",Y,hours
76,Richard Hester,088-19-3612,"52667 Edwards Pines
New Dalemouth, TN 10502",N,hours
77,Nathan Hernandez II,759-86-1948,"2886 Kelsey Rapids Apt. 182
West Curtisborough, MT 70661",Y,hours
78,Tamara Ewing,635-89-3484,"01464 Laura Circle
Abigailport, MT 36897",Y,miles
79,Alyssa Holt,322-10-2535,"PSC 0540, Box 6007
APO AP 76462",Y,miles
80,Shelby Henderson,321-42-9003,"219 Chavez Road Apt. 485
Port Christine, AR 49866",Y,miles
81,Douglas James,464-36-0868,"30351 Erica Fields
Nelsonbury, MO 99276",N,hours
82,Walter Little,367-29-9186,"8493 Elizabeth Motorway
North Victoriaview, DE 78150",Y,hours
83,Anthony Sullivan,507-91-6305,"09468 Christina Circle
Crystalborough, AR 39887",N,miles
84,Linda Garcia,094-91-0211,"3224 James Key Suite 572
Duncantown, FL 76980",N,miles
85,Daniel Mccarthy,225-04-2771,"139 Lawrence Mills Apt. 329
South Meghanmouth, ID 13703",Y,hours
86,Cameron Ingram,058-79-9961,"87262 Robert Station Apt. 324
Fischermouth, CO 64376",N,miles
87,Holly Price,703-17-3472,"917 Short Shore
North Jamiefort, PR 43496",Y,hours
88,David Martinez,377-39-2690,"486 Jennifer Village
Port Manuel, MH 79079",N,miles
89,Cody Gomez,860-12-8751,"Unit 4942 Box 8806
DPO AA 01470",Y,miles
90,Miss Felicia Baldwin,373-74-7641,"1484 Ryan Pines Apt. 069
North Marisa, MT 33421",Y,miles
91,Christine Miller,184-81-1304,"7201 Debra Stream
Port Hollyton, AL 89466",Y,miles
92,Alyssa Moreno,676-82-9193,"164 Ernest Terrace Apt. 311
Torresside, OR 36900",N,hours
93,Richard Koch,415-08-4293,"23459 Alan Springs
East Virginiachester, PR 47803",Y,hours
94,Stephanie Norman,382-68-9445,"49156 Martin Prairie
Lunahaven, OR 41002",N,miles
95,Patrick Brooks,210-48-8656,"60371 Madeline Walk Apt. 928
South Sarahmouth, DC 28826",Y,miles
96,Deborah King,655-59-2568,"5187 Stacy Alley
Davidmouth, NH 27901",N,hours
97,Deborah Green,518-72-3915,"0649 Gutierrez Cliffs
East Robert, FL 78736",N,hours
98,Sheila Vasquez,551-71-9361,"6524 Bradley Corners
South Jeffreyland, MI 58164",Y,hours
99,Troy Perkins,112-22-1167,"7188 Catherine Station
Andersonview, WI 87014",Y,miles
100,Tina Rogers,339-81-1027,"07620 Hayley Knoll Apt. 805
Lake Amanda, NV 56862",Y,miles
101,Meghan Trevino,080-49-0203,"452 Scott Spring Suite 505
East Holly, TN 85303",Y,miles
102,Anthony Lynch,893-17-0033,"6121 Burke Pine Suite 017
East Melissa, AR 79697",N,hours
103,Michael Morales,090-57-7766,"Unit 1688 Box 5497
DPO AP 91596",N,hours
104,Luis Hayes,288-53-2441,"4454 Salas Village Apt. 544
Gregchester, LA 02116",Y,hours
105,Christopher Hogan,022-18-3935,"03013 Li Coves Apt. 441
Caseyberg, MH 88974",Y,hours
106,Mark Watson,478-80-5677,"8297 Katie Mill Suite 025
New Catherinetown, AL 70880",Y,hours
107,Brian Stephenson,449-47-4935,"8612 Robles Fork Apt. 756
South Charles, AR 11038",Y,hours
108,Michael Henry,286-07-8237,"10639 Ryan Points
Port Mark, OR 68618",N,hours
109,Jennifer Carter,227-85-4205,"0334 Haas Isle
Lake Patricia, DC 47324",Y,miles
